Group_Name,Year,Month,Report_Year_Month,Volume,Open_Interest
Agriculture,2000,01,2000-01,11369511,5318130
Currencies,2000,01,2000-01,3668704,1265512
Energy,2000,01,2000-01,12179915,2868586
Equity,2000,01,2000-01,121462840,100210002
"Interest Rates",2000,01,2000-01,75781010,27986168
Metals,2000,01,2000-01,10787885,3227909
Other,2000,01,2000-01,544115,211732
Agriculture,2000,02,2000-02,12527526,4785342
Currencies,2000,02,2000-02,3624213,1348838
Energy,2000,02,2000-02,10702305,2784600
Equity,2000,02,2000-02,116514884,112812233
"Interest Rates",2000,02,2000-02,82895253,28825262
Metals,2000,02,2000-02,12854244,3125154
Other,2000,02,2000-02,552955,212626
Agriculture,2000,03,2000-03,12202217,5335148
Currencies,2000,03,2000-03,4568503,1199786
Energy,2000,03,2000-03,13422501,3047110
Equity,2000,03,2000-03,145137860,112141843
"Interest Rates",2000,03,2000-03,80132516,25890741
Metals,2000,03,2000-03,10376236,2964041
Other,2000,03,2000-03,507007,210299
Agriculture,2000,04,2000-04,10651470,4933148
Currencies,2000,04,2000-04,3511505,1296398
Energy,2000,04,2000-04,11330284,3069991
Equity,2000,04,2000-04,117003385,111040419
"Interest Rates",2000,04,2000-04,71762039,27114724
Metals,2000,04,2000-04,8574643,2896040
Other,2000,04,2000-04,479686,304522
Agriculture,2000,05,2000-05,13666554,5399161
Currencies,2000,05,2000-05,3877685,1342562
Energy,2000,05,2000-05,13416583,3248004
Equity,2000,05,2000-05,122906460,127318802
"Interest Rates",2000,05,2000-05,89020076,28431336
Metals,2000,05,2000-05,9245357,2628299
Other,2000,05,2000-05,578330,227614
Agriculture,2000,06,2000-06,14608519,4920045
Currencies,2000,06,2000-06,4234530,1059008
Energy,2000,06,2000-06,12532356,3257357
Equity,2000,06,2000-06,125150385,120192626
"Interest Rates",2000,06,2000-06,79846656,26084128
Metals,2000,06,2000-06,9586630,2574044
Other,2000,06,2000-06,460655,185089
Agriculture,2000,07,2000-07,11346612,5208993
Currencies,2000,07,2000-07,3322900,1166434
Energy,2000,07,2000-07,10918236,3168297
Equity,2000,07,2000-07,109974448,123164744
"Interest Rates",2000,07,2000-07,60301635,28451845
Metals,2000,07,2000-07,8283908,2392540
Other,2000,07,2000-07,434926,169160
Agriculture,2000,08,2000-08,11961442,5006029
Currencies,2000,08,2000-08,3872922,1273074
Energy,2000,08,2000-08,14337211,3390914
Equity,2000,08,2000-08,122803119,134854911
"Interest Rates",2000,08,2000-08,68289165,29452764
Metals,2000,08,2000-08,8083496,2383955
Other,2000,08,2000-08,412630,174317
Agriculture,2000,09,2000-09,10420114,5208654
Currencies,2000,09,2000-09,4299255,1113022
Energy,2000,09,2000-09,14974140,3589566
Equity,2000,09,2000-09,134433091,132144310
"Interest Rates",2000,09,2000-09,74337681,26423090
Metals,2000,09,2000-09,8307084,2389143
Other,2000,09,2000-09,509312,207179
Agriculture,2000,10,2000-10,11884254,5419097
Currencies,2000,10,2000-10,3807946,1202943
Energy,2000,10,2000-10,14523701,3691885
Equity,2000,10,2000-10,159421309,141096609
"Interest Rates",2000,10,2000-10,68924793,28269137
Metals,2000,10,2000-10,8429410,2427878
Other,2000,10,2000-10,550395,182009
Agriculture,2000,11,2000-11,12387812,5133813
Currencies,2000,11,2000-11,3937010,1288678
Energy,2000,11,2000-11,14107771,3577751
Equity,2000,11,2000-11,147974069,152208626
"Interest Rates",2000,11,2000-11,68401998,29741279
Metals,2000,11,2000-11,7866475,2266630
Other,2000,11,2000-11,647141,279355
Agriculture,2000,12,2000-12,10337200,5137564
Currencies,2000,12,2000-12,4221882,1145724
Energy,2000,12,2000-12,12321876,3258099
Equity,2000,12,2000-12,145638421,136898905
"Interest Rates",2000,12,2000-12,67373110,26764981
Metals,2000,12,2000-12,8431288,2269130
Other,2000,12,2000-12,498703,228260
Agriculture,2001,01,2001-01,12119914,5584943
Currencies,2001,01,2001-01,4394023,1516643
Energy,2001,01,2001-01,12619362,3251901
Equity,2001,01,2001-01,174143273,138159038
"Interest Rates",2001,01,2001-01,103183798,30331386
Metals,2001,01,2001-01,10023779,2245384
Other,2001,01,2001-01,829417,277628
Agriculture,2001,02,2001-02,10969682,5122041
Currencies,2001,02,2001-02,4236727,1601730
Energy,2001,02,2001-02,11814630,3074005
Equity,2001,02,2001-02,159421350,156116018
"Interest Rates",2001,02,2001-02,91818082,31573377
Metals,2001,02,2001-02,7756919,2276123
Other,2001,02,2001-02,621923,307901
Agriculture,2001,03,2001-03,11556986,5361321
Currencies,2001,03,2001-03,5709917,1572015
Energy,2001,03,2001-03,15057737,3248365
Equity,2001,03,2001-03,194168043,155410084
"Interest Rates",2001,03,2001-03,106289717,29075470
Metals,2001,03,2001-03,9246204,2593564
Other,2001,03,2001-03,733767,295907
Agriculture,2001,04,2001-04,11222794,4916332
Currencies,2001,04,2001-04,4081678,1636399
Energy,2001,04,2001-04,13528749,3387057
Equity,2001,04,2001-04,188993693,169269728
"Interest Rates",2001,04,2001-04,98477018,31033153
Metals,2001,04,2001-04,7975732,2310203
Other,2001,04,2001-04,501347,244771
Agriculture,2001,05,2001-05,11471602,5071336
Currencies,2001,05,2001-05,4412100,1625233
Energy,2001,05,2001-05,14484377,3525255
Equity,2001,05,2001-05,188696273,184522641
"Interest Rates",2001,05,2001-05,102796218,32258919
Metals,2001,05,2001-05,9661253,2289905
Other,2001,05,2001-05,480404,237442
Agriculture,2001,06,2001-06,12272724,4884765
Currencies,2001,06,2001-06,4858539,1462764
Energy,2001,06,2001-06,15671393,3587538
Equity,2001,06,2001-06,190998583,175495649
"Interest Rates",2001,06,2001-06,95541990,29041903
Metals,2001,06,2001-06,8824351,2344648
Other,2001,06,2001-06,423710,256021
Agriculture,2001,07,2001-07,14474462,5156115
Currencies,2001,07,2001-07,4257224,1686389
Energy,2001,07,2001-07,13058070,3560931
Equity,2001,07,2001-07,193430213,183896888
"Interest Rates",2001,07,2001-07,84319541,31735205
Metals,2001,07,2001-07,8292443,2230279
Other,2001,07,2001-07,487897,155016
Agriculture,2001,08,2001-08,12450473,4900356
Currencies,2001,08,2001-08,4558074,1943109
Energy,2001,08,2001-08,12865300,3726723
Equity,2001,08,2001-08,219314375,200959954
"Interest Rates",2001,08,2001-08,102182062,35256404
Metals,2001,08,2001-08,10350076,2394913
Other,2001,08,2001-08,510809,172717
Agriculture,2001,09,2001-09,9581532,5001041
Currencies,2001,09,2001-09,5065809,1765080
Energy,2001,09,2001-09,13110568,3662859
Equity,2001,09,2001-09,254708651,188831806
"Interest Rates",2001,09,2001-09,114617072,32472545
Metals,2001,09,2001-09,8410229,2373665
Other,2001,09,2001-09,452699,267337
Agriculture,2001,10,2001-10,12083464,5219503
Currencies,2001,10,2001-10,4311310,1814615
Energy,2001,10,2001-10,14293800,3896823
Equity,2001,10,2001-10,248537003,216319794
"Interest Rates",2001,10,2001-10,106984140,38595155
Metals,2001,10,2001-10,9490005,2475674
Other,2001,10,2001-10,557308,160757
Agriculture,2001,11,2001-11,12164247,4916489
Currencies,2001,11,2001-11,4166583,1894661
Energy,2001,11,2001-11,15593234,3884208
Equity,2001,11,2001-11,302262479,241423589
"Interest Rates",2001,11,2001-11,143210381,41067863
Metals,2001,11,2001-11,10163606,2375781
Other,2001,11,2001-11,643029,236754
Agriculture,2001,12,2001-12,8914156,4868111
Currencies,2001,12,2001-12,5191256,1724390
Energy,2001,12,2001-12,14798298,4063108
Equity,2001,12,2001-12,266209604,197131598
"Interest Rates",2001,12,2001-12,82826285,34392678
Metals,2001,12,2001-12,8963233,2408267
Other,2001,12,2001-12,430000,361677
Agriculture,2002,01,2002-01,15244203,5914862
Currencies,2002,01,2002-01,4792380,2438628
Energy,2002,01,2002-01,17312688,4498662
Equity,2002,01,2002-01,296957208,202832669
"Interest Rates",2002,01,2002-01,126151265,46970508
Metals,2002,01,2002-01,11218756,2531783
Other,2002,01,2002-01,748188,314313
Agriculture,2002,02,2002-02,12461048,5447198
Currencies,2002,02,2002-02,4519851,1929835
Energy,2002,02,2002-02,14809457,4461600
Equity,2002,02,2002-02,259606380,236684466
"Interest Rates",2002,02,2002-02,104823349,42366417
Metals,2002,02,2002-02,10596356,2622954
Other,2002,02,2002-02,666024,283680
Agriculture,2002,03,2002-03,14698217,5816674
Currencies,2002,03,2002-03,5347276,1618482
Energy,2002,03,2002-03,18811331,5050975
Equity,2002,03,2002-03,291670621,214489596
"Interest Rates",2002,03,2002-03,114745982,39066079
Metals,2002,03,2002-03,10661982,2524742
Other,2002,03,2002-03,641719,313882
Agriculture,2002,04,2002-04,16916663,5384873
Currencies,2002,04,2002-04,5035038,1967425
Energy,2002,04,2002-04,19892706,5141391
Equity,2002,04,2002-04,313299246,227362047
"Interest Rates",2002,04,2002-04,110180958,42012261
Metals,2002,04,2002-04,9314750,2563238
Other,2002,04,2002-04,624998,295201
Agriculture,2002,05,2002-05,13701022,5640399
Currencies,2002,05,2002-05,5654069,2164753
Energy,2002,05,2002-05,18577857,5092527
Equity,2002,05,2002-05,327940429,247303576
"Interest Rates",2002,05,2002-05,126684043,44188872
Metals,2002,05,2002-05,9854321,2614345
Other,2002,05,2002-05,558636,339920
Agriculture,2002,06,2002-06,15962094,5467178
Currencies,2002,06,2002-06,6532542,2003311
Energy,2002,06,2002-06,14664392,4863515
Equity,2002,06,2002-06,307952155,230909333
"Interest Rates",2002,06,2002-06,120794169,39676186
Metals,2002,06,2002-06,10194774,2590240
Other,2002,06,2002-06,744308,484376
Agriculture,2002,07,2002-07,20560979,6042204
Currencies,2002,07,2002-07,4850311,1867352
Energy,2002,07,2002-07,15663941,4608961
Equity,2002,07,2002-07,408678349,257937754
"Interest Rates",2002,07,2002-07,138147941,44765797
Metals,2002,07,2002-07,11919700,2498566
Other,2002,07,2002-07,2012275,1695360
Agriculture,2002,08,2002-08,18850556,5950886
Currencies,2002,08,2002-08,4001965,1751610
Energy,2002,08,2002-08,17780067,4740360
Equity,2002,08,2002-08,313481876,283051870
"Interest Rates",2002,08,2002-08,137554473,47242804
Metals,2002,08,2002-08,8614432,2659038
Other,2002,08,2002-08,1091916,1437499
Agriculture,2002,09,2002-09,18099034,6250073
Currencies,2002,09,2002-09,5369281,1771362
Energy,2002,09,2002-09,17252092,4881583
Equity,2002,09,2002-09,343725594,244781429
"Interest Rates",2002,09,2002-09,134797195,44839327
Metals,2002,09,2002-09,9525413,2616083
Other,2002,09,2002-09,618019,1426699
Agriculture,2002,10,2002-10,16950500,6335811
Currencies,2002,10,2002-10,4852126,1894357
Energy,2002,10,2002-10,18898488,4859939
Equity,2002,10,2002-10,458623108,262362322
"Interest Rates",2002,10,2002-10,154054491,49521594
Metals,2002,10,2002-10,10725595,2672283
Other,2002,10,2002-10,3817992,3981639
Agriculture,2002,11,2002-11,18562134,5734480
Currencies,2002,11,2002-11,4248959,1867198
Energy,2002,11,2002-11,16580514,4575007
Equity,2002,11,2002-11,388856138,279737823
"Interest Rates",2002,11,2002-11,121029550,46755639
Metals,2002,11,2002-11,9952388,2524793
Other,2002,11,2002-11,2605340,4527698
Agriculture,2002,12,2002-12,17556501,5500375
Currencies,2002,12,2002-12,5208932,1844885
Energy,2002,12,2002-12,19131225,4929063
Equity,2002,12,2002-12,345213169,234234916
"Interest Rates",2002,12,2002-12,86848865,38317393
Metals,2002,12,2002-12,10151324,2618908
Other,2002,12,2002-12,3762794,6643258
Agriculture,2003,01,2003-01,18815940,5956701
Currencies,2003,01,2003-01,5343074,2001015
Energy,2003,01,2003-01,20947670,5782721
Equity,2003,01,2003-01,414158513,233748105
"Interest Rates",2003,01,2003-01,133781176,50516613
Metals,2003,01,2003-01,12177774,2732511
Other,2003,01,2003-01,774577,5971731
Agriculture,2003,02,2003-02,18940888,5531756
Currencies,2003,02,2003-02,5011834,2227637
Energy,2003,02,2003-02,20913764,5817040
Equity,2003,02,2003-02,377843309,255640254
"Interest Rates",2003,02,2003-02,136895584,56713265
Metals,2003,02,2003-02,13155220,2686918
Other,2003,02,2003-02,438398,5878705
Agriculture,2003,03,2003-03,20147257,5727640
Currencies,2003,03,2003-03,6470508,1790663
Energy,2003,03,2003-03,19952696,4976289
Equity,2003,03,2003-03,459966528,230355784
"Interest Rates",2003,03,2003-03,174354234,54905085
Metals,2003,03,2003-03,12085648,2659191
Other,2003,03,2003-03,438560,5715505
Agriculture,2003,04,2003-04,22627100,5487995
Currencies,2003,04,2003-04,5588862,2327163
Energy,2003,04,2003-04,17609295,4843720
Equity,2003,04,2003-04,525230433,244526994
"Interest Rates",2003,04,2003-04,139245033,56838770
Metals,2003,04,2003-04,10780043,2724273
Other,2003,04,2003-04,1361890,5195851
Agriculture,2003,05,2003-05,18842127,5941875
Currencies,2003,05,2003-05,6739435,2240189
Energy,2003,05,2003-05,15900866,4592495
Equity,2003,05,2003-05,410048847,266740409
"Interest Rates",2003,05,2003-05,169867986,63128639
Metals,2003,05,2003-05,12677095,2759234
Other,2003,05,2003-05,1094297,4546467
Agriculture,2003,06,2003-06,21303557,5552395
Currencies,2003,06,2003-06,7299834,2094684
Energy,2003,06,2003-06,17985476,4679278
Equity,2003,06,2003-06,417463086,255310062
"Interest Rates",2003,06,2003-06,201371322,58968139
Metals,2003,06,2003-06,12623259,2846561
Other,2003,06,2003-06,938538,4155236
Agriculture,2003,07,2003-07,21569102,5784594
Currencies,2003,07,2003-07,6386503,2162198
Energy,2003,07,2003-07,17162029,4744966
Equity,2003,07,2003-07,422268110,273267927
"Interest Rates",2003,07,2003-07,171648838,65020502
Metals,2003,07,2003-07,13941698,3066461
Other,2003,07,2003-07,5600503,8965485
Agriculture,2003,08,2003-08,22208565,5617024
Currencies,2003,08,2003-08,7760180,2310707
Energy,2003,08,2003-08,17401003,4727788
Equity,2003,08,2003-08,402597911,293643330
"Interest Rates",2003,08,2003-08,144025183,65881905
Metals,2003,08,2003-08,12146520,3372926
Other,2003,08,2003-08,1273392,9241940
Agriculture,2003,09,2003-09,23293581,5965786
Currencies,2003,09,2003-09,7073346,2196172
Energy,2003,09,2003-09,17796900,4647929
Equity,2003,09,2003-09,505758520,284765625
"Interest Rates",2003,09,2003-09,166997573,66550303
Metals,2003,09,2003-09,13850776,3430727
Other,2003,09,2003-09,1080546,8895331
Agriculture,2003,10,2003-10,27138573,7008043
Currencies,2003,10,2003-10,5959138,2478870
Energy,2003,10,2003-10,20087368,4875202
Equity,2003,10,2003-10,568799476,304137378
"Interest Rates",2003,10,2003-10,170448042,73229400
Metals,2003,10,2003-10,15138621,3718056
Other,2003,10,2003-10,1460326,8150648
Agriculture,2003,11,2003-11,23868580,6152448
Currencies,2003,11,2003-11,6528554,2324504
Energy,2003,11,2003-11,15527320,4714675
Equity,2003,11,2003-11,471468533,312197119
"Interest Rates",2003,11,2003-11,137995313,74185616
Metals,2003,11,2003-11,13249385,3374412
Other,2003,11,2003-11,799990,8061915
Agriculture,2003,12,2003-12,22679886,5961629
Currencies,2003,12,2003-12,7541088,2201611
Energy,2003,12,2003-12,16445056,4965524
Equity,2003,12,2003-12,457473997,268901738
"Interest Rates",2003,12,2003-12,132595596,65289648
Metals,2003,12,2003-12,12941011,3337393
Other,2003,12,2003-12,6922329,13610030
Agriculture,2004,01,2004-01,19114148,6985844
Currencies,2004,01,2004-01,7209725,2345847
Energy,2004,01,2004-01,17595806,5263633
Equity,2004,01,2004-01,437967440,275845121
"Interest Rates",2004,01,2004-01,173856485,72368933
Metals,2004,01,2004-01,14276094,3256318
Other,2004,01,2004-01,5073312,16584621
Agriculture,2004,02,2004-02,27506935,6584596
Currencies,2004,02,2004-02,7003401,2509675
Energy,2004,02,2004-02,17232954,5211479
Equity,2004,02,2004-02,439204449,310159056
"Interest Rates",2004,02,2004-02,160209880,79048701
Metals,2004,02,2004-02,14308893,3310302
Other,2004,02,2004-02,1224038,16517993
Agriculture,2004,03,2004-03,32164065,7486115
Currencies,2004,03,2004-03,9516021,2203486
Energy,2004,03,2004-03,20510259,5355187
Equity,2004,03,2004-03,583308000,301933572
"Interest Rates",2004,03,2004-03,212112298,76599515
Metals,2004,03,2004-03,16586485,3447522
Other,2004,03,2004-03,1713998,16018020
Agriculture,2004,04,2004-04,30690682,7738644
Currencies,2004,04,2004-04,7316216,2426783
Energy,2004,04,2004-04,18404324,13565605
Equity,2004,04,2004-04,462907618,324131799
"Interest Rates",2004,04,2004-04,187484863,84927615
Metals,2004,04,2004-04,16802911,3285207
Other,2004,04,2004-04,1960767,15188500
Agriculture,2004,05,2004-05,23968138,7260803
Currencies,2004,05,2004-05,8180338,2596317
Energy,2004,05,2004-05,19528062,6218070
Equity,2004,05,2004-05,525407815,333169380
"Interest Rates",2004,05,2004-05,195286808,89642563
Metals,2004,05,2004-05,13595192,3189482
Other,2004,05,2004-05,2096839,14497191
Agriculture,2004,06,2004-06,30682126,6776850
Currencies,2004,06,2004-06,8716150,2267289
Energy,2004,06,2004-06,21250089,6527598
Equity,2004,06,2004-06,525682991,313345368
"Interest Rates",2004,06,2004-06,211000825,85141005
Metals,2004,06,2004-06,13579493,3074116
Other,2004,06,2004-06,1272227,13952550
Agriculture,2004,07,2004-07,26199928,6971632
Currencies,2004,07,2004-07,7736816,2404457
Energy,2004,07,2004-07,20335634,6863665
Equity,2004,07,2004-07,435100219,331357507
"Interest Rates",2004,07,2004-07,174363014,89431591
Metals,2004,07,2004-07,12862624,3125713
Other,2004,07,2004-07,1183530,13456100
Agriculture,2004,08,2004-08,23415452,6849599
Currencies,2004,08,2004-08,8287664,2679806
Energy,2004,08,2004-08,21838038,7196046
Equity,2004,08,2004-08,417533992,342705136
"Interest Rates",2004,08,2004-08,182943216,86419266
Metals,2004,08,2004-08,11992751,3235843
Other,2004,08,2004-08,850505,13107447
Agriculture,2004,09,2004-09,23641568,7314321
Currencies,2004,09,2004-09,9567332,2641629
Energy,2004,09,2004-09,22282780,7600535
Equity,2004,09,2004-09,434716187,328466165
"Interest Rates",2004,09,2004-09,223420668,80948507
Metals,2004,09,2004-09,12184772,3111274
Other,2004,09,2004-09,1131127,12752416
Agriculture,2004,10,2004-10,19193521,7406530
Currencies,2004,10,2004-10,9564116,2789948
Energy,2004,10,2004-10,23585512,8233784
Equity,2004,10,2004-10,497245071,353868333
"Interest Rates",2004,10,2004-10,180560061,83844996
Metals,2004,10,2004-10,13087381,3328907
Other,2004,10,2004-10,1142857,12336533
Agriculture,2004,11,2004-11,23686528,6796411
Currencies,2004,11,2004-11,9884018,3069596
Energy,2004,11,2004-11,21538810,7815406
Equity,2004,11,2004-11,490332753,373213310
"Interest Rates",2004,11,2004-11,200367470,85752487
Metals,2004,11,2004-11,13730967,3184493
Other,2004,11,2004-11,2117406,11242024
Agriculture,2004,12,2004-12,21914326,6406713
Currencies,2004,12,2004-12,12275410,2764122
Energy,2004,12,2004-12,19358311,8040734
Equity,2004,12,2004-12,431187705,332929689
"Interest Rates",2004,12,2004-12,165901279,74907203
Metals,2004,12,2004-12,12719615,3161172
Other,2004,12,2004-12,2451708,10413789
Agriculture,2005,01,2005-01,22484277,8188861
Currencies,2005,01,2005-01,10702677,2734831
Energy,2005,01,2005-01,19896915,8436437
Equity,2005,01,2005-01,462533019,316937855
"Interest Rates",2005,01,2005-01,191292795,87212774
Metals,2005,01,2005-01,13224306,3206231
Other,2005,01,2005-01,1024693,9924477
Agriculture,2005,02,2005-02,25680367,7857791
Currencies,2005,02,2005-02,9899220,3077465
Energy,2005,02,2005-02,19484925,8415616
Equity,2005,02,2005-02,409905070,355815737
"Interest Rates",2005,02,2005-02,204898037,96219700
Metals,2005,02,2005-02,12765989,3192202
Other,2005,02,2005-02,790625,9615505
Agriculture,2005,03,2005-03,40337618,8459810
Currencies,2005,03,2005-03,13557079,2936349
Energy,2005,03,2005-03,23594073,9086724
Equity,2005,03,2005-03,557906061,344687863
"Interest Rates",2005,03,2005-03,247266932,91957613
Metals,2005,03,2005-03,14270177,2855872
Other,2005,03,2005-03,858537,9318182
Agriculture,2005,04,2005-04,29642841,7912322
Currencies,2005,04,2005-04,11863027,3111616
Energy,2005,04,2005-04,22378838,9185339
Equity,2005,04,2005-04,494255565,375857244
"Interest Rates",2005,04,2005-04,224972151,90749123
Metals,2005,04,2005-04,13424367,3167411
Other,2005,04,2005-04,971524,8881144
Agriculture,2005,05,2005-05,25016865,8524377
Currencies,2005,05,2005-05,12329131,3581379
Energy,2005,05,2005-05,21257338,9194318
Equity,2005,05,2005-05,476324314,387280412
"Interest Rates",2005,05,2005-05,208316454,92003915
Metals,2005,05,2005-05,12190933,3078721
Other,2005,05,2005-05,814425,8641172
Agriculture,2005,06,2005-06,37681754,8513605
Currencies,2005,06,2005-06,16137326,3500968
Energy,2005,06,2005-06,25377942,10035384
Equity,2005,06,2005-06,490275629,376260033
"Interest Rates",2005,06,2005-06,241729850,84558153
Metals,2005,06,2005-06,14648071,3161395
Other,2005,06,2005-06,769480,8472314
Agriculture,2005,07,2005-07,31970277,9034246
Currencies,2005,07,2005-07,12770114,3655088
Energy,2005,07,2005-07,22923843,10565014
Equity,2005,07,2005-07,510433957,416472506
"Interest Rates",2005,07,2005-07,169112253,86964328
Metals,2005,07,2005-07,12265367,3188449
Other,2005,07,2005-07,758817,8102739
Agriculture,2005,08,2005-08,35041451,8644656
Currencies,2005,08,2005-08,14191607,3684449
Energy,2005,08,2005-08,28890127,11594353
Equity,2005,08,2005-08,629347079,432885299
"Interest Rates",2005,08,2005-08,197201411,90601652
Metals,2005,08,2005-08,13477446,3638785
Other,2005,08,2005-08,1055839,8014714
Agriculture,2005,09,2005-09,31727030,9237974
Currencies,2005,09,2005-09,16195852,3809248
Energy,2005,09,2005-09,26572421,11845510
Equity,2005,09,2005-09,614549465,420995864
"Interest Rates",2005,09,2005-09,236756519,84537510
Metals,2005,09,2005-09,14808899,3605550
Other,2005,09,2005-09,809316,7731651
Agriculture,2005,10,2005-10,29950590,9514674
Currencies,2005,10,2005-10,14332860,3794928
Energy,2005,10,2005-10,23796651,12121863
Equity,2005,10,2005-10,644115903,438106430
"Interest Rates",2005,10,2005-10,207083982,93872051
Metals,2005,10,2005-10,14772953,3655427
Other,2005,10,2005-10,903861,7304172
Agriculture,2005,11,2005-11,34126672,9478872
Currencies,2005,11,2005-11,16491240,4227904
Energy,2005,11,2005-11,23758776,12248945
Equity,2005,11,2005-11,577705686,452809557
"Interest Rates",2005,11,2005-11,237186283,98732340
Metals,2005,11,2005-11,16973562,3816442
Other,2005,11,2005-11,35669911,39713624
Agriculture,2005,12,2005-12,36381958,10799384
Currencies,2005,12,2005-12,18344466,3842493
Energy,2005,12,2005-12,22106049,12588796
Equity,2005,12,2005-12,500701079,398827123
"Interest Rates",2005,12,2005-12,168568593,86294947
Metals,2005,12,2005-12,18204885,3494119
Other,2005,12,2005-12,2737850,40186569
Agriculture,2006,01,2006-01,33986965,12676692
Currencies,2006,01,2006-01,16687649,4024090
Energy,2006,01,2006-01,27481100,13022695
Equity,2006,01,2006-01,639137843,381352407
"Interest Rates",2006,01,2006-01,222202777,98485485
Metals,2006,01,2006-01,17932416,3899909
Other,2006,01,2006-01,6078684,43293206
Agriculture,2006,02,2006-02,40580254,11160652
Currencies,2006,02,2006-02,15827870,4306689
Energy,2006,02,2006-02,27559692,13574125
Equity,2006,02,2006-02,598365302,408063325
"Interest Rates",2006,02,2006-02,237319257,109495058
Metals,2006,02,2006-02,17268249,4071707
Other,2006,02,2006-02,3511313,44080536
Agriculture,2006,03,2006-03,37154058,11766788
Currencies,2006,03,2006-03,22974229,4167006
Energy,2006,03,2006-03,28619531,14099866
Equity,2006,03,2006-03,613799846,404344615
"Interest Rates",2006,03,2006-03,328587483,110871913
Metals,2006,03,2006-03,17801862,3925732
Other,2006,03,2006-03,4029598,44492111
Agriculture,2006,04,2006-04,36814023,11279391
Currencies,2006,04,2006-04,18165300,4414333
Energy,2006,04,2006-04,27644911,15361438
Equity,2006,04,2006-04,553224439,430063995
"Interest Rates",2006,04,2006-04,251509486,126344886
Metals,2006,04,2006-04,20598850,4251200
Other,2006,04,2006-04,4370007,44029209
Agriculture,2006,05,2006-05,42099033,12656263
Currencies,2006,05,2006-05,24646212,4404229
Energy,2006,05,2006-05,32166579,16867454
Equity,2006,05,2006-05,721501552,463720769
"Interest Rates",2006,05,2006-05,296199741,140245031
Metals,2006,05,2006-05,21755284,4063617
Other,2006,05,2006-05,6195975,43003507
Agriculture,2006,06,2006-06,45322994,10883667
Currencies,2006,06,2006-06,21262619,3942135
Energy,2006,06,2006-06,30489466,17732456
Equity,2006,06,2006-06,661192880,447487155
"Interest Rates",2006,06,2006-06,295834713,129732220
Metals,2006,06,2006-06,18925971,3852859
Other,2006,06,2006-06,20871828,57404255
Agriculture,2006,07,2006-07,36978341,11227143
Currencies,2006,07,2006-07,17788964,4042957
Energy,2006,07,2006-07,31044665,19033087
Equity,2006,07,2006-07,575700278,448871479
"Interest Rates",2006,07,2006-07,239061638,141023702
Metals,2006,07,2006-07,16988400,3747304
Other,2006,07,2006-07,4592944,56298218
Agriculture,2006,08,2006-08,39356387,11478667
Currencies,2006,08,2006-08,21665312,4458122
Energy,2006,08,2006-08,39432147,20365457
Equity,2006,08,2006-08,578168723,484519138
"Interest Rates",2006,08,2006-08,296990221,134368523
Metals,2006,08,2006-08,16778061,3829473
Other,2006,08,2006-08,3376615,55169945
Agriculture,2006,09,2006-09,37124766,12499664
Currencies,2006,09,2006-09,23124016,4180332
Energy,2006,09,2006-09,38535410,20515412
Equity,2006,09,2006-09,575877436,469131833
"Interest Rates",2006,09,2006-09,278409526,128390346
Metals,2006,09,2006-09,18145005,3836927
Other,2006,09,2006-09,4249832,54049365
Agriculture,2006,10,2006-10,43268242,13100281
Currencies,2006,10,2006-10,21251748,4310958
Energy,2006,10,2006-10,37398901,20911373
Equity,2006,10,2006-10,577200365,492814936
"Interest Rates",2006,10,2006-10,252296503,139316936
Metals,2006,10,2006-10,17714533,3867174
Other,2006,10,2006-10,5998274,52611997
Agriculture,2006,11,2006-11,54389566,13988985
Currencies,2006,11,2006-11,22854270,4675641
Energy,2006,11,2006-11,33418043,20474776
Equity,2006,11,2006-11,588322645,521379647
"Interest Rates",2006,11,2006-11,262810237,145859959
Metals,2006,11,2006-11,19093991,3814548
Other,2006,11,2006-11,12077754,49312408
Agriculture,2006,12,2006-12,42562369,14052991
Currencies,2006,12,2006-12,24586272,4553366
Energy,2006,12,2006-12,30475253,20404445
Equity,2006,12,2006-12,580540314,463417110
"Interest Rates",2006,12,2006-12,219694842,121548943
Metals,2006,12,2006-12,14277830,3710656
Other,2006,12,2006-12,6663222,46842871
Agriculture,2007,01,2007-01,44449492,15340004
Currencies,2007,01,2007-01,28674092,6924453
Energy,2007,01,2007-01,44680150,22843901
Equity,2007,01,2007-01,701456907,407017952
"Interest Rates",2007,01,2007-01,262641512,136832540
Metals,2007,01,2007-01,20130006,4040009
Other,2007,01,2007-01,5340694,46722559
Agriculture,2007,02,2007-02,39075374,13914381
Currencies,2007,02,2007-02,29848230,7712398
Energy,2007,02,2007-02,37885442,22203894
Equity,2007,02,2007-02,643234028,458211045
"Interest Rates",2007,02,2007-02,283251437,144019077
Metals,2007,02,2007-02,18808088,4262926
Other,2007,02,2007-02,5376572,47987490
Agriculture,2007,03,2007-03,42274536,15710575
Currencies,2007,03,2007-03,37267188,8025920
Energy,2007,03,2007-03,40798246,22775957
Equity,2007,03,2007-03,885460083,454758589
"Interest Rates",2007,03,2007-03,338969946,139690634
Metals,2007,03,2007-03,21063339,3965276
Other,2007,03,2007-03,7027523,48663099
Agriculture,2007,04,2007-04,47788126,13855643
Currencies,2007,04,2007-04,27470817,8731132
Energy,2007,04,2007-04,37974073,23197031
Equity,2007,04,2007-04,709325898,481194130
"Interest Rates",2007,04,2007-04,230556584,148692425
Metals,2007,04,2007-04,19993168,4204213
Other,2007,04,2007-04,4945620,48847787
Agriculture,2007,05,2007-05,42073307,14043539
Currencies,2007,05,2007-05,33471353,9150533
Energy,2007,05,2007-05,40576182,22952424
Equity,2007,05,2007-05,789887003,516900499
"Interest Rates",2007,05,2007-05,315976315,162070443
Metals,2007,05,2007-05,20535021,4172818
Other,2007,05,2007-05,6517002,49885380
Agriculture,2007,06,2007-06,54366229,12994329
Currencies,2007,06,2007-06,39708851,8999916
Energy,2007,06,2007-06,39872956,23599429
Equity,2007,06,2007-06,936421237,501316277
"Interest Rates",2007,06,2007-06,386506935,143559094
Metals,2007,06,2007-06,20585260,4266866
Other,2007,06,2007-06,5311194,49670558
Agriculture,2007,07,2007-07,51377838,14105635
Currencies,2007,07,2007-07,43737104,9550592
Energy,2007,07,2007-07,41354424,24255199
Equity,2007,07,2007-07,901544106,539869811
"Interest Rates",2007,07,2007-07,321383379,155081810
Metals,2007,07,2007-07,20587785,4375083
Other,2007,07,2007-07,6732065,50261336
Agriculture,2007,08,2007-08,63905535,13649966
Currencies,2007,08,2007-08,58655427,10929659
Energy,2007,08,2007-08,43974687,24170094
Equity,2007,08,2007-08,977909191,573660661
"Interest Rates",2007,08,2007-08,433010568,163118337
Metals,2007,08,2007-08,22946091,4478039
Other,2007,08,2007-08,9697672,52762486
Agriculture,2007,09,2007-09,63805515,14218423
Currencies,2007,09,2007-09,38939448,10981993
Energy,2007,09,2007-09,40532611,23531794
Equity,2007,09,2007-09,780768246,528058993
"Interest Rates",2007,09,2007-09,304530806,155833189
Metals,2007,09,2007-09,19370835,4156443
Other,2007,09,2007-09,6529653,30653031
Agriculture,2007,10,2007-10,61057257,14424756
Currencies,2007,10,2007-10,46902544,12725367
Energy,2007,10,2007-10,48067409,24340431
Equity,2007,10,2007-10,866033630,569754115
"Interest Rates",2007,10,2007-10,306323906,154783587
Metals,2007,10,2007-10,22421226,5308716
Other,2007,10,2007-10,11142367,26447761
Agriculture,2007,11,2007-11,73543079,13140426
Currencies,2007,11,2007-11,40937630,12925505
Energy,2007,11,2007-11,44795518,23984946
Equity,2007,11,2007-11,905215091,603711827
"Interest Rates",2007,11,2007-11,324607807,164757492
Metals,2007,11,2007-11,29730916,5190260
Other,2007,11,2007-11,7819536,25090157
Agriculture,2007,12,2007-12,58118272,14011221
Currencies,2007,12,2007-12,32869639,12856734
Energy,2007,12,2007-12,35219428,23348679
Equity,2007,12,2007-12,766431486,512751864
"Interest Rates",2007,12,2007-12,218739750,144752545
Metals,2007,12,2007-12,21625731,4195646
Other,2007,12,2007-12,3967590,24649838
Agriculture,2008,01,2008-01,68919165,17608138
Currencies,2008,01,2008-01,43770500,14850594
Energy,2008,01,2008-01,45209472,24761054
Equity,2008,01,2008-01,1016992919,501313749
"Interest Rates",2008,01,2008-01,355540716,163171653
Metals,2008,01,2008-01,32815376,4287412
Other,2008,01,2008-01,6905810,23618218
Agriculture,2008,02,2008-02,69150131,16862268
Currencies,2008,02,2008-02,39377085,15418861
Energy,2008,02,2008-02,45572746,25686959
Equity,2008,02,2008-02,747033609,535434440
"Interest Rates",2008,02,2008-02,338517367,164116687
Metals,2008,02,2008-02,30058824,4667045
Other,2008,02,2008-02,6278832,23589005
Agriculture,2008,03,2008-03,85899231,15417178
Currencies,2008,03,2008-03,50941330,14355808
Energy,2008,03,2008-03,49419694,32320000
Equity,2008,03,2008-03,943958875,509583653
"Interest Rates",2008,03,2008-03,319446068,144021703
Metals,2008,03,2008-03,29115013,4669472
Other,2008,03,2008-03,8496250,21602881
Agriculture,2008,04,2008-04,80526307,14349130
Currencies,2008,04,2008-04,58078502,16408705
Energy,2008,04,2008-04,46272962,27162840
Equity,2008,04,2008-04,880190399,564670771
"Interest Rates",2008,04,2008-04,281426924,148950444
Metals,2008,04,2008-04,26167121,4706958
Other,2008,04,2008-04,6899219,20344338
Agriculture,2008,05,2008-05,63027208,14638384
Currencies,2008,05,2008-05,51278509,18848672
Energy,2008,05,2008-05,50366971,27343477
Equity,2008,05,2008-05,889355816,596503192
"Interest Rates",2008,05,2008-05,266559767,150853460
Metals,2008,05,2008-05,23716996,4724709
Other,2008,05,2008-05,5605994,19673451
Agriculture,2008,06,2008-06,70625265,13951253
Currencies,2008,06,2008-06,47876334,18772248
Energy,2008,06,2008-06,48385097,27820624
Equity,2008,06,2008-06,1035721749,550180796
"Interest Rates",2008,06,2008-06,298829513,137981327
Metals,2008,06,2008-06,25703890,4743895
Other,2008,06,2008-06,9053723,19715048
Agriculture,2008,07,2008-07,77854458,14059892
Currencies,2008,07,2008-07,47483940,17510915
Energy,2008,07,2008-07,50033303,28262490
Equity,2008,07,2008-07,1146960664,609509621
"Interest Rates",2008,07,2008-07,261975541,139586865
Metals,2008,07,2008-07,30927833,4824348
Other,2008,07,2008-07,9539759,27866549
Agriculture,2008,08,2008-08,82037651,13187198
Currencies,2008,08,2008-08,53813131,19272093
Energy,2008,08,2008-08,44611913,28332131
Equity,2008,08,2008-08,872937702,622337191
"Interest Rates",2008,08,2008-08,209124229,141909400
Metals,2008,08,2008-08,27406666,4655583
Other,2008,08,2008-08,6877135,17743199
Agriculture,2008,09,2008-09,70040803,12631683
Currencies,2008,09,2008-09,69589818,18355410
Energy,2008,09,2008-09,51012980,27701292
Equity,2008,09,2008-09,1368692109,601065678
"Interest Rates",2008,09,2008-09,309322814,128377194
Metals,2008,09,2008-09,32939462,4530430
Other,2008,09,2008-09,7594583,17366750
Agriculture,2008,10,2008-10,91215449,12281609
Currencies,2008,10,2008-10,59861329,17124985
Energy,2008,10,2008-10,52357072,28668840
Equity,2008,10,2008-10,1211039843,630026881
"Interest Rates",2008,10,2008-10,240117287,130695269
Metals,2008,10,2008-10,34561745,4791924
Other,2008,10,2008-10,8842247,16516483
Agriculture,2008,11,2008-11,69725829,10301561
Currencies,2008,11,2008-11,35323966,15769563
Energy,2008,11,2008-11,43702300,27246738
Equity,2008,11,2008-11,913033131,603674213
"Interest Rates",2008,11,2008-11,160411875,129525726
Metals,2008,11,2008-11,29916658,4268743
Other,2008,11,2008-11,9523606,15869510
Agriculture,2008,12,2008-12,66462416,10182347
Currencies,2008,12,2008-12,38302958,13122075
Energy,2008,12,2008-12,51583850,28228988
Equity,2008,12,2008-12,943518904,468006901
"Interest Rates",2008,12,2008-12,141195385,110799622
Metals,2008,12,2008-12,32781171,4613721
Other,2008,12,2008-12,12823285,14939786
Agriculture,2009,01,2009-01,48686723,10766496
Currencies,2009,01,2009-01,40095189,12445844
Energy,2009,01,2009-01,53846013,30917923
Equity,2009,01,2009-01,834707121,434443363
"Interest Rates",2009,01,2009-01,175135799,116732987
Metals,2009,01,2009-01,34362308,4794401
Other,2009,01,2009-01,8404608,13057649
Agriculture,2009,02,2009-02,67173013,9909510
Currencies,2009,02,2009-02,47020898,13108727
Energy,2009,02,2009-02,52848783,32660175
Equity,2009,02,2009-02,873774595,475788139
"Interest Rates",2009,02,2009-02,176517334,120253191
Metals,2009,02,2009-02,33721305,4583504
Other,2009,02,2009-02,9007132,13623702
Agriculture,2009,03,2009-03,70135444,9981333
Currencies,2009,03,2009-03,61835198,11399413
Energy,2009,03,2009-03,58835248,33853562
Equity,2009,03,2009-03,1118138581,472092081
"Interest Rates",2009,03,2009-03,214402035,109290821
Metals,2009,03,2009-03,40135196,4216584
Other,2009,03,2009-03,14827541,15030593
Agriculture,2009,04,2009-04,78278189,9668041
Currencies,2009,04,2009-04,52363705,11976644
Energy,2009,04,2009-04,50317711,35811728
Equity,2009,04,2009-04,1053039409,533156362
"Interest Rates",2009,04,2009-04,169794543,113400483
Metals,2009,04,2009-04,42169071,4423527
Other,2009,04,2009-04,18820473,15788251
Agriculture,2009,05,2009-05,64920359,10965383
Currencies,2009,05,2009-05,68428240,13584941
Energy,2009,05,2009-05,49676213,35640380
Equity,2009,05,2009-05,1004017339,550378025
"Interest Rates",2009,05,2009-05,198066176,115628792
Metals,2009,05,2009-05,36994292,4565997
Other,2009,05,2009-05,16727556,17224614
Agriculture,2009,06,2009-06,81948010,10533940
Currencies,2009,06,2009-06,81264702,12039023
Energy,2009,06,2009-06,54678511,36735921
Equity,2009,06,2009-06,1055710463,500360342
"Interest Rates",2009,06,2009-06,250045864,107944688
Metals,2009,06,2009-06,45643332,4631326
Other,2009,06,2009-06,21125755,19373282
Agriculture,2009,07,2009-07,83465225,11335742
Currencies,2009,07,2009-07,87241154,12205298
Energy,2009,07,2009-07,55692606,37855132
Equity,2009,07,2009-07,964725948,535389947
"Interest Rates",2009,07,2009-07,190197173,108622023
Metals,2009,07,2009-07,47320767,4828663
Other,2009,07,2009-07,13607785,19400038
Agriculture,2009,08,2009-08,102521158,11862807
Currencies,2009,08,2009-08,82492816,12695920
Energy,2009,08,2009-08,52499156,38180740
Equity,2009,08,2009-08,928825093,545967714
"Interest Rates",2009,08,2009-08,198863601,112325372
Metals,2009,08,2009-08,65988369,5033825
Other,2009,08,2009-08,16486972,21062651
Agriculture,2009,09,2009-09,75965876,11531376
Currencies,2009,09,2009-09,95718593,12024510
Energy,2009,09,2009-09,55760985,37801258
Equity,2009,09,2009-09,1063911725,538578409
"Interest Rates",2009,09,2009-09,223073138,107260896
Metals,2009,09,2009-09,65523730,4919623
Other,2009,09,2009-09,16763542,21942806
Agriculture,2009,10,2009-10,65321469,12100700
Currencies,2009,10,2009-10,118329080,12858791
Energy,2009,10,2009-10,60604042,40823436
Equity,2009,10,2009-10,1068620570,590940976
"Interest Rates",2009,10,2009-10,217596123,111232717
Metals,2009,10,2009-10,63610869,5504028
Other,2009,10,2009-10,16889130,21364718
Agriculture,2009,11,2009-11,85163919,11850969
Currencies,2009,11,2009-11,118996769,12313862
Energy,2009,11,2009-11,51668193,39233179
Equity,2009,11,2009-11,989415210,598848599
"Interest Rates",2009,11,2009-11,209326542,117278757
Metals,2009,11,2009-11,75657981,5506019
Other,2009,11,2009-11,20652824,22303309
Agriculture,2009,12,2009-12,105107587,12181129
Currencies,2009,12,2009-12,137124870,11432296
Energy,2009,12,2009-12,54040096,39284447
Equity,2009,12,2009-12,980403533,483911213
"Interest Rates",2009,12,2009-12,193360485,106991822
Metals,2009,12,2009-12,63148027,5384057
Other,2009,12,2009-12,29984528,24408339
Agriculture,2010,01,2010-01,101444164,13019047
Currencies,2010,01,2010-01,175612584,11408448
Energy,2010,01,2010-01,53202344,40995473
Equity,2010,01,2010-01,1018954712,484761244
"Interest Rates",2010,01,2010-01,213247144,116078814
Metals,2010,01,2010-01,57846816,5299747
Other,2010,01,2010-01,22176551,22874304
Agriculture,2010,02,2010-02,75047886,11789685
Currencies,2010,02,2010-02,170347453,12419463
Energy,2010,02,2010-02,54365520,41186570
Equity,2010,02,2010-02,952138750,506638919
"Interest Rates",2010,02,2010-02,245668051,124093113
Metals,2010,02,2010-02,50810751,5366595
Other,2010,02,2010-02,17136427,24842050
Agriculture,2010,03,2010-03,115989191,13089157
Currencies,2010,03,2010-03,198878411,11762183
Energy,2010,03,2010-03,58924857,41929173
Equity,2010,03,2010-03,1111334651,503950126
"Interest Rates",2010,03,2010-03,290437957,121141098
Metals,2010,03,2010-03,66130138,5477007
Other,2010,03,2010-03,28650079,27703038
Agriculture,2010,04,2010-04,104866486,12729262
Currencies,2010,04,2010-04,215897952,12689871
Energy,2010,04,2010-04,63239080,42327025
Equity,2010,04,2010-04,1179267608,589041428
"Interest Rates",2010,04,2010-04,276292659,129651560
Metals,2010,04,2010-04,56090599,5647379
Other,2010,04,2010-04,22547062,29044603
Agriculture,2010,05,2010-05,97209513,13143263
Currencies,2010,05,2010-05,250306869,12700322
Energy,2010,05,2010-05,65002646,42165701
Equity,2010,05,2010-05,1497316427,601785030
"Interest Rates",2010,05,2010-05,332848215,128216050
Metals,2010,05,2010-05,81824501,5688922
Other,2010,05,2010-05,24314289,32070027
Agriculture,2010,06,2010-06,88817488,11951141
Currencies,2010,06,2010-06,228103978,12444952
Energy,2010,06,2010-06,60506329,42224046
Equity,2010,06,2010-06,1194549273,531587179
"Interest Rates",2010,06,2010-06,238070474,115983961
Metals,2010,06,2010-06,77722983,5680945
Other,2010,06,2010-06,22276671,33361279
Agriculture,2010,07,2010-07,89972996,13461870
Currencies,2010,07,2010-07,170809940,12280973
Energy,2010,07,2010-07,54241648,43365032
Equity,2010,07,2010-07,1013482113,552097973
"Interest Rates",2010,07,2010-07,223947201,116642924
Metals,2010,07,2010-07,82503728,5830015
Other,2010,07,2010-07,29979735,26795600
Agriculture,2010,08,2010-08,119664971,14406814
Currencies,2010,08,2010-08,166908479,12105074
Energy,2010,08,2010-08,62695951,44004237
Equity,2010,08,2010-08,1074280706,573172853
"Interest Rates",2010,08,2010-08,243801015,124090418
Metals,2010,08,2010-08,76537254,5813689
Other,2010,08,2010-08,30705022,30021234
Agriculture,2010,09,2010-09,106434238,15449796
Currencies,2010,09,2010-09,256091109,12913585
Energy,2010,09,2010-09,65631356,43731626
Equity,2010,09,2010-09,1072906611,542357689
"Interest Rates",2010,09,2010-09,263594290,115938544
Metals,2010,09,2010-09,67254629,5733907
Other,2010,09,2010-09,24042093,31457824
Agriculture,2010,10,2010-10,132032830,16024860
Currencies,2010,10,2010-10,274902193,13084688
Energy,2010,10,2010-10,62766067,43839594
Equity,2010,10,2010-10,1190695738,583729989
"Interest Rates",2010,10,2010-10,226494100,118251761
Metals,2010,10,2010-10,66619807,6261215
Other,2010,10,2010-10,21463377,21691550
Agriculture,2010,11,2010-11,179261301,14786524
Currencies,2010,11,2010-11,228213373,14056368
Energy,2010,11,2010-11,60776669,41858241
Equity,2010,11,2010-11,1304639171,616664474
"Interest Rates",2010,11,2010-11,296574182,119016613
Metals,2010,11,2010-11,84943134,5635501
Other,2010,11,2010-11,37643476,24643075
Agriculture,2010,12,2010-12,96604295,15044133
Currencies,2010,12,2010-12,190064722,12554344
Energy,2010,12,2010-12,55384108,41059000
Equity,2010,12,2010-12,1034833321,509501146
"Interest Rates",2010,12,2010-12,241276981,107950870
Metals,2010,12,2010-12,50308354,5486728
Other,2010,12,2010-12,32601806,26931322
Agriculture,2011,01,2011-01,78401164,16681544
Currencies,2011,01,2011-01,204466269,13096515
Energy,2011,01,2011-01,71218964,41997667
Equity,2011,01,2011-01,1178972050,486323198
"Interest Rates",2011,01,2011-01,251118576,111386154
Metals,2011,01,2011-01,46477487,5405789
Other,2011,01,2011-01,30605187,21018130
Agriculture,2011,02,2011-02,76798148,15357075
Currencies,2011,02,2011-02,192691277,12850276
Energy,2011,02,2011-02,72604679,41539471
Equity,2011,02,2011-02,1162999350,532870952
"Interest Rates",2011,02,2011-02,289936730,124711533
Metals,2011,02,2011-02,43599212,5656044
Other,2011,02,2011-02,34691423,25475116
Agriculture,2011,03,2011-03,102580041,16179150
Currencies,2011,03,2011-03,274996997,13275425
Energy,2011,03,2011-03,73355733,41951359
Equity,2011,03,2011-03,1438040987,536150193
"Interest Rates",2011,03,2011-03,346349773,122351543
Metals,2011,03,2011-03,60768194,5449281
Other,2011,03,2011-03,43426982,26006781
Agriculture,2011,04,2011-04,89235166,15088736
Currencies,2011,04,2011-04,230225857,14694024
Energy,2011,04,2011-04,56734665,42172987
Equity,2011,04,2011-04,1196217482,570059967
"Interest Rates",2011,04,2011-04,244319723,123601340
Metals,2011,04,2011-04,52408071,6013403
Other,2011,04,2011-04,37044865,21677139
Agriculture,2011,05,2011-05,93071869,15946506
Currencies,2011,05,2011-05,301235154,15418699
Energy,2011,05,2011-05,67718197,41033064
Equity,2011,05,2011-05,1366877304,585890710
"Interest Rates",2011,05,2011-05,293176966,131729318
Metals,2011,05,2011-05,61071986,5703880
Other,2011,05,2011-05,28631713,23217599
Agriculture,2011,06,2011-06,92776436,14472254
Currencies,2011,06,2011-06,309277637,16257128
Energy,2011,06,2011-06,72167738,41224348
Equity,2011,06,2011-06,1295772552,557439136
"Interest Rates",2011,06,2011-06,330712308,123216747
Metals,2011,06,2011-06,53574032,5765239
Other,2011,06,2011-06,34346140,24904456
Agriculture,2011,07,2011-07,85357881,15677734
Currencies,2011,07,2011-07,345565424,19350019
Energy,2011,07,2011-07,54869395,40635313
Equity,2011,07,2011-07,1142500934,584293593
"Interest Rates",2011,07,2011-07,261035637,123279962
Metals,2011,07,2011-07,53747118,6117592
Other,2011,07,2011-07,32666891,16423694
Agriculture,2011,08,2011-08,89044255,15892737
Currencies,2011,08,2011-08,396762699,17862197
Energy,2011,08,2011-08,77423865,40747379
Equity,2011,08,2011-08,1662694501,638655940
"Interest Rates",2011,08,2011-08,371873673,130710526
Metals,2011,08,2011-08,81789993,6312447
Other,2011,08,2011-08,53293482,19772417
Agriculture,2011,09,2011-09,84746573,15029033
Currencies,2011,09,2011-09,299269633,18609059
Energy,2011,09,2011-09,68346182,39893682
Equity,2011,09,2011-09,1377572792,611791151
"Interest Rates",2011,09,2011-09,286129220,117289037
Metals,2011,09,2011-09,85255298,6214936
Other,2011,09,2011-09,42257101,19768707
Agriculture,2011,10,2011-10,69581763,14773988
Currencies,2011,10,2011-10,203395600,16813485
Energy,2011,10,2011-10,71470556,40158093
Equity,2011,10,2011-10,1197786757,612522438
"Interest Rates",2011,10,2011-10,230459464,114984251
Metals,2011,10,2011-10,81976343,6593149
Other,2011,10,2011-10,38166727,15921959
Agriculture,2011,11,2011-11,77189121,13149648
Currencies,2011,11,2011-11,204547029,16914074
Energy,2011,11,2011-11,69358973,39141266
Equity,2011,11,2011-11,1280634112,631910643
"Interest Rates",2011,11,2011-11,266186615,115848385
Metals,2011,11,2011-11,87863922,6245922
Other,2011,11,2011-11,48627155,17951003
Agriculture,2011,12,2011-12,59273741,12701845
Currencies,2011,12,2011-12,185075925,14790882
Energy,2011,12,2011-12,51937547,38207642
Equity,2011,12,2011-12,1114948220,503456185
"Interest Rates",2011,12,2011-12,177696504,99743537
Metals,2011,12,2011-12,68718526,5998135
Other,2011,12,2011-12,28520733,18401188
Agriculture,2012,01,2012-01,53695608,13742816
Currencies,2012,01,2012-01,183076283,16318210
Energy,2012,01,2012-01,69665740,40732325
Equity,2012,01,2012-01,1051446963,457758214
"Interest Rates",2012,01,2012-01,224311680,104532955
Metals,2012,01,2012-01,63397501,5848515
Other,2012,01,2012-01,23595227,10530083
Agriculture,2012,02,2012-02,70516202,13479269
Currencies,2012,02,2012-02,174642919,17101206
Energy,2012,02,2012-02,73014105,41724906
Equity,2012,02,2012-02,1111537592,515440009
"Interest Rates",2012,02,2012-02,234663513,108891117
Metals,2012,02,2012-02,68605313,6252820
Other,2012,02,2012-02,32765879,15323725
Agriculture,2012,03,2012-03,81498021,15193650
Currencies,2012,03,2012-03,195935069,15120944
Energy,2012,03,2012-03,67038072,41829102
Equity,2012,03,2012-03,1200372170,503885485
"Interest Rates",2012,03,2012-03,291706780,91964015
Metals,2012,03,2012-03,67130162,6097123
Other,2012,03,2012-03,40304155,18293445
Agriculture,2012,04,2012-04,77502632,15571044
Currencies,2012,04,2012-04,153457039,16734558
Energy,2012,04,2012-04,60822636,41761229
Equity,2012,04,2012-04,1091904112,522913849
"Interest Rates",2012,04,2012-04,214289020,98095228
Metals,2012,04,2012-04,56720616,6316461
Other,2012,04,2012-04,35235742,19984420
Agriculture,2012,05,2012-05,106595678,16615419
Currencies,2012,05,2012-05,231192401,17050233
Energy,2012,05,2012-05,73539345,41090033
Equity,2012,05,2012-05,1328826835,561500820
"Interest Rates",2012,05,2012-05,290163777,102929032
Metals,2012,05,2012-05,73410665,6396829
Other,2012,05,2012-05,40388706,23500434
Agriculture,2012,06,2012-06,121583741,15648506
Currencies,2012,06,2012-06,221857262,15680738
Energy,2012,06,2012-06,73589578,40728014
Equity,2012,06,2012-06,1140929266,501361402
"Interest Rates",2012,06,2012-06,248943471,91226566
Metals,2012,06,2012-06,69907154,6521736
Other,2012,06,2012-06,40323133,24315020
Agriculture,2012,07,2012-07,173931531,17529695
Currencies,2012,07,2012-07,223165595,15499885
Energy,2012,07,2012-07,67836839,39543016
Equity,2012,07,2012-07,922807994,509470019
"Interest Rates",2012,07,2012-07,200840963,92159772
Metals,2012,07,2012-07,65615699,6368604
Other,2012,07,2012-07,47551440,21023250
Agriculture,2012,08,2012-08,148878333,17714521
Currencies,2012,08,2012-08,179297945,16618168
Energy,2012,08,2012-08,72495188,39228907
Equity,2012,08,2012-08,914744833,533812634
"Interest Rates",2012,08,2012-08,228501943,95854232
Metals,2012,08,2012-08,70074386,6708409
Other,2012,08,2012-08,48485798,23787308
Agriculture,2012,09,2012-09,114119523,16997577
Currencies,2012,09,2012-09,212986835,15200356
Energy,2012,09,2012-09,70770458,37725655
Equity,2012,09,2012-09,928236502,514021098
"Interest Rates",2012,09,2012-09,234934110,92659150
Metals,2012,09,2012-09,104572646,6560242
Other,2012,09,2012-09,37579537,26787143
Agriculture,2012,10,2012-10,97623605,16655080
Currencies,2012,10,2012-10,235954112,15727012
Energy,2012,10,2012-10,117373156,77298548
Equity,2012,10,2012-10,902467623,534380677
"Interest Rates",2012,10,2012-10,225981686,95267316
Metals,2012,10,2012-10,75432490,7080746
Other,2012,10,2012-10,38364119,28465956
Agriculture,2012,11,2012-11,119025932,15052545
Currencies,2012,11,2012-11,214480635,17596261
Energy,2012,11,2012-11,98181461,73777592
Equity,2012,11,2012-11,909505953,561863124
"Interest Rates",2012,11,2012-11,209267741,97895858
Metals,2012,11,2012-11,80864613,6571613
Other,2012,11,2012-11,36281491,32668909
Agriculture,2012,12,2012-12,87949551,14194402
Currencies,2012,12,2012-12,208533420,15941426
Energy,2012,12,2012-12,80846925,71402522
Equity,2012,12,2012-12,880655144,451833135
"Interest Rates",2012,12,2012-12,180078142,87802433
Metals,2012,12,2012-12,77956799,6440110
Other,2012,12,2012-12,54775207,31723118
Agriculture,2013,01,2013-01,91455083,15765304
Currencies,2013,01,2013-01,256038041,17292628
Energy,2013,01,2013-01,111397585,71538033
Equity,2013,01,2013-01,961594083,461694501
"Interest Rates",2013,01,2013-01,274540643,93284433
Metals,2013,01,2013-01,81413010,6845555
Other,2013,01,2013-01,64274810,29688638
Agriculture,2013,02,2013-02,87185011,14697721
Currencies,2013,02,2013-02,237055827,17630127
Energy,2013,02,2013-02,95959470,71569261
Equity,2013,02,2013-02,862368892,506281552
"Interest Rates",2013,02,2013-02,286281688,98249785
Metals,2013,02,2013-02,72013633,6984248
Other,2013,02,2013-02,46565860,32126660
Agriculture,2013,03,2013-03,97933187,15620338
Currencies,2013,03,2013-03,243591139,16343725
Energy,2013,03,2013-03,119508207,72940467
Equity,2013,03,2013-03,988511927,485407322
"Interest Rates",2013,03,2013-03,270079311,95184237
Metals,2013,03,2013-03,85004844,6906253
Other,2013,03,2013-03,63613308,32914757
Agriculture,2013,04,2013-04,101155082,14821637
Currencies,2013,04,2013-04,246109553,18028771
Energy,2013,04,2013-04,137556954,77403596
Equity,2013,04,2013-04,1055873520,516110585
"Interest Rates",2013,04,2013-04,245465077,98508910
Metals,2013,04,2013-04,99707413,7070986
Other,2013,04,2013-04,60486667,29506763
Agriculture,2013,05,2013-05,98164943,16440054
Currencies,2013,05,2013-05,274772828,20511961
Energy,2013,05,2013-05,122229957,76216660
Equity,2013,05,2013-05,1082363387,556568417
"Interest Rates",2013,05,2013-05,362227074,109946276
Metals,2013,05,2013-05,110964474,7418438
Other,2013,05,2013-05,65046953,30435447
Agriculture,2013,06,2013-06,97258585,14932186
Currencies,2013,06,2013-06,330838898,17204402
Energy,2013,06,2013-06,107985368,75691202
Equity,2013,06,2013-06,1087298477,507124746
"Interest Rates",2013,06,2013-06,366539853,104580967
Metals,2013,06,2013-06,96137626,7335953
Other,2013,06,2013-06,54953951,30151513
Agriculture,2013,07,2013-07,105879721,16175130
Currencies,2013,07,2013-07,206027166,14004522
Energy,2013,07,2013-07,110310856,74032671
Equity,2013,07,2013-07,944435930,526510753
"Interest Rates",2013,07,2013-07,244806364,97604478
Metals,2013,07,2013-07,104055288,7227081
Other,2013,07,2013-07,46693856,28705175
Agriculture,2013,08,2013-08,117668709,16073580
Currencies,2013,08,2013-08,173806132,15193116
Energy,2013,08,2013-08,106389137,74618886
Equity,2013,08,2013-08,950023805,557092199
"Interest Rates",2013,08,2013-08,264588046,102913214
Metals,2013,08,2013-08,112091775,6915624
Other,2013,08,2013-08,44705352,30320817
Agriculture,2013,09,2013-09,105357269,16721368
Currencies,2013,09,2013-09,162117352,13741399
Energy,2013,09,2013-09,93222118,72338427
Equity,2013,09,2013-09,932126822,538284861
"Interest Rates",2013,09,2013-09,272659679,96641723
Metals,2013,09,2013-09,87471260,6594141
Other,2013,09,2013-09,33259874,29324046
Agriculture,2013,10,2013-10,105961599,16921210
Currencies,2013,10,2013-10,128167802,14371447
Energy,2013,10,2013-10,108011715,72564116
Equity,2013,10,2013-10,1008118657,597237866
"Interest Rates",2013,10,2013-10,238133844,99197998
Metals,2013,10,2013-10,74495672,7336518
Other,2013,10,2013-10,37968881,31311343
Agriculture,2013,11,2013-11,104864929,15334491
Currencies,2013,11,2013-11,120761672,15626486
Energy,2013,11,2013-11,94375763,70232177
Equity,2013,11,2013-11,850777714,612294955
"Interest Rates",2013,11,2013-11,249017893,103049008
Metals,2013,11,2013-11,73579699,7139487
Other,2013,11,2013-11,28432040,32544824
Agriculture,2013,12,2013-12,103041029,15404975
Currencies,2013,12,2013-12,126102218,15289571
Energy,2013,12,2013-12,99182071,68002213
Equity,2013,12,2013-12,869993874,495953758
"Interest Rates",2013,12,2013-12,220291266,90128081
Metals,2013,12,2013-12,83127119,7101639
Other,2013,12,2013-12,29566926,31673574
Agriculture,2014,01,2014-01,106145621,16855020
Currencies,2014,01,2014-01,151253863,17717435
Energy,2014,01,2014-01,110339091,66926275
Equity,2014,01,2014-01,967146696,478287697
"Interest Rates",2014,01,2014-01,276775745,97450640
Metals,2014,01,2014-01,81893155,6939611
Other,2014,01,2014-01,38614537,17565631
Agriculture,2014,02,2014-02,96334147,16838018
Currencies,2014,02,2014-02,162789384,18021883
Energy,2014,02,2014-02,95245940,67100175
Equity,2014,02,2014-02,870116919,503934081
"Interest Rates",2014,02,2014-02,265395056,100868786
Metals,2014,02,2014-02,70202124,7616294
Other,2014,02,2014-02,41298007,19990521
Agriculture,2014,03,2014-03,119257253,17170924
Currencies,2014,03,2014-03,179302475,16818400
Energy,2014,03,2014-03,94245630,65501870
Equity,2014,03,2014-03,1020118825,483620528
"Interest Rates",2014,03,2014-03,286114020,100021148
Metals,2014,03,2014-03,112895617,7903038
Other,2014,03,2014-03,44932305,20680824
Agriculture,2014,04,2014-04,117347585,16364108
Currencies,2014,04,2014-04,130919104,16165617
Energy,2014,04,2014-04,90562085,64026012
Equity,2014,04,2014-04,924726414,508444242
"Interest Rates",2014,04,2014-04,232178998,100825309
Metals,2014,04,2014-04,82809297,8410758
Other,2014,04,2014-04,34702883,19739401
Agriculture,2014,05,2014-05,115585826,17877183
Currencies,2014,05,2014-05,141995988,18239401
Energy,2014,05,2014-05,87190721,62157092
Equity,2014,05,2014-05,869994614,536453584
"Interest Rates",2014,05,2014-05,281638929,105750686
Metals,2014,05,2014-05,77982494,8740234
Other,2014,05,2014-05,35771659,21135088
Agriculture,2014,06,2014-06,132011006,17218465
Currencies,2014,06,2014-06,147771640,18676352
Energy,2014,06,2014-06,90221210,62886500
Equity,2014,06,2014-06,946931245,509452389
"Interest Rates",2014,06,2014-06,270826379,99783102
Metals,2014,06,2014-06,83884851,8386654
Other,2014,06,2014-06,48593605,21390639
Agriculture,2014,07,2014-07,127838158,18559929
Currencies,2014,07,2014-07,159965573,20623085
Energy,2014,07,2014-07,97949365,64712490
Equity,2014,07,2014-07,967419165,552112693
"Interest Rates",2014,07,2014-07,236202732,104332146
Metals,2014,07,2014-07,99904424,8627901
Other,2014,07,2014-07,57530196,22212200
Agriculture,2014,08,2014-08,110382746,18258550
Currencies,2014,08,2014-08,167377118,22352397
Energy,2014,08,2014-08,85057142,61756020
Equity,2014,08,2014-08,949162019,575124668
"Interest Rates",2014,08,2014-08,263350815,110027045
Metals,2014,08,2014-08,85208210,8975063
Other,2014,08,2014-08,46691462,22533851
Agriculture,2014,09,2014-09,122990008,17992199
Currencies,2014,09,2014-09,212454814,22237762
Energy,2014,09,2014-09,94186911,61375757
Equity,2014,09,2014-09,1103440245,566460780
"Interest Rates",2014,09,2014-09,319043602,109236575
Metals,2014,09,2014-09,127216435,9764321
Other,2014,09,2014-09,52934094,23671281
Agriculture,2014,10,2014-10,121307281,19013299
Currencies,2014,10,2014-10,207804346,23328126
Energy,2014,10,2014-10,108814503,62067265
Equity,2014,10,2014-10,1251806646,591453706
"Interest Rates",2014,10,2014-10,347148534,105166036
Metals,2014,10,2014-10,122679357,10540106
Other,2014,10,2014-10,62420887,21495432
Agriculture,2014,11,2014-11,130005918,17285057
Currencies,2014,11,2014-11,224555927,35745069
Energy,2014,11,2014-11,99749174,56948246
Equity,2014,11,2014-11,974441395,595209631
"Interest Rates",2014,11,2014-11,210582023,106940837
Metals,2014,11,2014-11,146997310,9699187
Other,2014,11,2014-11,49021138,20408822
Agriculture,2014,12,2014-12,122063820,16204198
Currencies,2014,12,2014-12,243815399,54086812
Energy,2014,12,2014-12,98850816,59259484
Equity,2014,12,2014-12,1227164392,515083094
"Interest Rates",2014,12,2014-12,255095026,103227584
Metals,2014,12,2014-12,152017818,8808647
Other,2014,12,2014-12,76365917,20577489
Agriculture,2015,01,2015-01,116442160,17977727
Currencies,2015,01,2015-01,208739057,25738216
Energy,2015,01,2015-01,116652795,70454119
Equity,2015,01,2015-01,1101644451,465650716
"Interest Rates",2015,01,2015-01,271614068,104680864
Metals,2015,01,2015-01,125052999,9499961
Other,2015,01,2015-01,77225980,15049729
Agriculture,2015,02,2015-02,95840991,16911374
Currencies,2015,02,2015-02,185918475,26582580
Energy,2015,02,2015-02,118424710,68558163
Equity,2015,02,2015-02,957598352,501743211
"Interest Rates",2015,02,2015-02,275080910,110852044
Metals,2015,02,2015-02,69304808,9325523
Other,2015,02,2015-02,58801121,16574715
Agriculture,2015,03,2015-03,141547961,18835673
Currencies,2015,03,2015-03,243017755,22440502
Energy,2015,03,2015-03,112976353,67813245
Equity,2015,03,2015-03,1155900461,497994308
"Interest Rates",2015,03,2015-03,288979125,108773299
Metals,2015,03,2015-03,117497193,9840880
Other,2015,03,2015-03,141992951,17799011
Agriculture,2015,04,2015-04,136626193,18081169
Currencies,2015,04,2015-04,215747399,24266234
Energy,2015,04,2015-04,105154722,67459262
Equity,2015,04,2015-04,1109945827,559035734
"Interest Rates",2015,04,2015-04,216627113,113424954
Metals,2015,04,2015-04,145078283,10404094
Other,2015,04,2015-04,109761420,16078022
Agriculture,2015,05,2015-05,125621260,19819720
Currencies,2015,05,2015-05,200688294,26159487
Energy,2015,05,2015-05,97787765,65069954
Equity,2015,05,2015-05,1045969648,578463591
"Interest Rates",2015,05,2015-05,286471834,119883445
Metals,2015,05,2015-05,126650669,10044462
Other,2015,05,2015-05,80576771,18196420
Agriculture,2015,06,2015-06,143534304,18275544
Currencies,2015,06,2015-06,229205486,26798362
Energy,2015,06,2015-06,102374716,65374741
Equity,2015,06,2015-06,1225617746,550470946
"Interest Rates",2015,06,2015-06,317393187,111728878
Metals,2015,06,2015-06,116112119,10812319
Other,2015,06,2015-06,72083227,20602745
Agriculture,2015,07,2015-07,173455754,17686069
Currencies,2015,07,2015-07,220337251,28802243
Energy,2015,07,2015-07,111752706,66155327
Equity,2015,07,2015-07,1194284612,582547025
"Interest Rates",2015,07,2015-07,258351767,114074075
Metals,2015,07,2015-07,178234024,10929139
Other,2015,07,2015-07,80308489,17831478
Agriculture,2015,08,2015-08,146089840,16460846
Currencies,2015,08,2015-08,306986755,30906206
Energy,2015,08,2015-08,118579943,65725089
Equity,2015,08,2015-08,1289231393,614833485
"Interest Rates",2015,08,2015-08,275878039,117181978
Metals,2015,08,2015-08,154926589,10786254
Other,2015,08,2015-08,95308782,19806200
Agriculture,2015,09,2015-09,134146363,17558044
Currencies,2015,09,2015-09,268568693,29182531
Energy,2015,09,2015-09,124035440,65864611
Equity,2015,09,2015-09,1203768246,597407100
"Interest Rates",2015,09,2015-09,276051887,113627591
Metals,2015,09,2015-09,134398204,11014963
Other,2015,09,2015-09,91447617,19959868
Agriculture,2015,10,2015-10,128734968,18898389
Currencies,2015,10,2015-10,253199691,34983510
Energy,2015,10,2015-10,133907155,68392659
Equity,2015,10,2015-10,993797312,616843080
"Interest Rates",2015,10,2015-10,241435174,119926109
Metals,2015,10,2015-10,107119084,11878301
Other,2015,10,2015-10,63743335,14048485
Agriculture,2015,11,2015-11,157974358,17749091
Currencies,2015,11,2015-11,222036031,38052870
Energy,2015,11,2015-11,123204758,65272305
Equity,2015,11,2015-11,800319695,611888870
"Interest Rates",2015,11,2015-11,262157006,127522530
Metals,2015,11,2015-11,147624178,11593318
Other,2015,11,2015-11,93796557,12992172
Agriculture,2015,12,2015-12,140145435,18638421
Currencies,2015,12,2015-12,242776834,37289945
Energy,2015,12,2015-12,139857621,64419183
Equity,2015,12,2015-12,1010450112,537231261
"Interest Rates",2015,12,2015-12,249028528,111114784
Metals,2015,12,2015-12,175622712,11086286
Other,2015,12,2015-12,88515678,11276238
Agriculture,2016,01,2016-01,126301225,19086647
Currencies,2016,01,2016-01,274451721,36606130
Energy,2016,01,2016-01,168398314,66563385
Equity,2016,01,2016-01,1005815873,510639065
"Interest Rates",2016,01,2016-01,294780673,125245835
Metals,2016,01,2016-01,160617971,11437311
Other,2016,01,2016-01,82636632,12296410
Agriculture,2016,02,2016-02,100469272,18711002
Currencies,2016,02,2016-02,287410105,37205984
Energy,2016,02,2016-02,184783392,68114686
Equity,2016,02,2016-02,953194681,535661416
"Interest Rates",2016,02,2016-02,326941217,130154806
Metals,2016,02,2016-02,126700973,11887241
Other,2016,02,2016-02,60064070,15549026
Agriculture,2016,03,2016-03,169035702,20214723
Currencies,2016,03,2016-03,287060171,30972609
Energy,2016,03,2016-03,194146831,68791866
Equity,2016,03,2016-03,1138747888,530881428
"Interest Rates",2016,03,2016-03,288635105,118246629
Metals,2016,03,2016-03,318891105,11971756
Other,2016,03,2016-03,109668548,18358182
Agriculture,2016,04,2016-04,194421095,18512555
Currencies,2016,04,2016-04,241722999,30055915
Energy,2016,04,2016-04,215052361,69621905
Equity,2016,04,2016-04,895800299,560507438
"Interest Rates",2016,04,2016-04,222248977,120937813
Metals,2016,04,2016-04,275590455,11728796
Other,2016,04,2016-04,99898973,17900330
Agriculture,2016,05,2016-05,206481376,20147586
Currencies,2016,05,2016-05,237952035,29793003
Energy,2016,05,2016-05,163472848,67824036
Equity,2016,05,2016-05,862680588,557989176
"Interest Rates",2016,05,2016-05,264914400,127119820
Metals,2016,05,2016-05,192801271,12150966
Other,2016,05,2016-05,60249243,19120804
Agriculture,2016,06,2016-06,232689808,19854405
Currencies,2016,06,2016-06,296028205,24083441
Energy,2016,06,2016-06,156033066,67760984
Equity,2016,06,2016-06,1101536123,550978352
"Interest Rates",2016,06,2016-06,320966026,117290955
Metals,2016,06,2016-06,154261211,11875394
Other,2016,06,2016-06,64835411,20984117
Agriculture,2016,07,2016-07,215048939,19428629
Currencies,2016,07,2016-07,204706631,26105170
Energy,2016,07,2016-07,154659482,66909749
Equity,2016,07,2016-07,832759423,561320504
"Interest Rates",2016,07,2016-07,234101966,113538288
Metals,2016,07,2016-07,195801095,11774401
Other,2016,07,2016-07,66065100,19425245
Agriculture,2016,08,2016-08,149445621,18450866
Currencies,2016,08,2016-08,226939945,31838092
Energy,2016,08,2016-08,178519567,67390277
Equity,2016,08,2016-08,838913644,575739760
"Interest Rates",2016,08,2016-08,258576322,115494018
Metals,2016,08,2016-08,169137199,12542494
Other,2016,08,2016-08,62328517,20904625
Agriculture,2016,09,2016-09,118234598,18633150
Currencies,2016,09,2016-09,252765143,27867871
Energy,2016,09,2016-09,198200674,66275145
Equity,2016,09,2016-09,1016428325,570591607
"Interest Rates",2016,09,2016-09,287156683,114026833
Metals,2016,09,2016-09,133862759,11529792
Other,2016,09,2016-09,59902701,20677226
Agriculture,2016,10,2016-10,118529755,19376413
Currencies,2016,10,2016-10,200424499,27595590
Energy,2016,10,2016-10,186867451,65765666
Equity,2016,10,2016-10,829824728,575655493
"Interest Rates",2016,10,2016-10,263003165,118903846
Metals,2016,10,2016-10,116517659,12084498
Other,2016,10,2016-10,58316897,19925744
Agriculture,2016,11,2016-11,174073807,17898361
Currencies,2016,11,2016-11,285737040,29375569
Energy,2016,11,2016-11,228287542,65219181
Equity,2016,11,2016-11,1007670324,613539753
"Interest Rates",2016,11,2016-11,408481124,133010924
Metals,2016,11,2016-11,197880401,11014087
Other,2016,11,2016-11,82916111,20378969
Agriculture,2016,12,2016-12,127395794,16807451
Currencies,2016,12,2016-12,282670264,25015591
Energy,2016,12,2016-12,179606326,64376988
Equity,2016,12,2016-12,983834424,532066424
"Interest Rates",2016,12,2016-12,293936660,117439378
Metals,2016,12,2016-12,147422541,10800688
Other,2016,12,2016-12,74271959,21302801
Agriculture,2017,01,2017-01,96395430,18454009
Currencies,2017,01,2017-01,219636023,25764868
Energy,2017,01,2017-01,166310429,66709399
Equity,2017,01,2017-01,852341000,490653235
"Interest Rates",2017,01,2017-01,300022578,123163284
Metals,2017,01,2017-01,109375483,10921646
Other,2017,01,2017-01,56848168,18829331
Agriculture,2017,02,2017-02,117927316,19255341
Currencies,2017,02,2017-02,201329768,29023780
Energy,2017,02,2017-02,151890177,67415473
Equity,2017,02,2017-02,854994571,534507165
"Interest Rates",2017,02,2017-02,341699005,136754592
Metals,2017,02,2017-02,118283930,11985373
Other,2017,02,2017-02,64336573,23962359
Agriculture,2017,03,2017-03,139827419,20282722
Currencies,2017,03,2017-03,264596307,27556737
Energy,2017,03,2017-03,183269843,69370785
Equity,2017,03,2017-03,1079890020,537609641
"Interest Rates",2017,03,2017-03,403471411,134723515
Metals,2017,03,2017-03,162307089,12241169
Other,2017,03,2017-03,72629637,25057262
Agriculture,2017,04,2017-04,115440616,18728855
Currencies,2017,04,2017-04,243422908,28673729
Energy,2017,04,2017-04,153574359,70571402
Equity,2017,04,2017-04,902791913,539485531
"Interest Rates",2017,04,2017-04,284701698,143610212
Metals,2017,04,2017-04,143781269,12588443
Other,2017,04,2017-04,71645049,24779790
Agriculture,2017,05,2017-05,111531220,19802728
Currencies,2017,05,2017-05,254339496,29705190
Energy,2017,05,2017-05,187219327,67447453
Equity,2017,05,2017-05,1070151525,584345895
"Interest Rates",2017,05,2017-05,354362745,145645490
Metals,2017,05,2017-05,188385546,13150810
Other,2017,05,2017-05,63504116,25559698
Agriculture,2017,06,2017-06,126247976,19667089
Currencies,2017,06,2017-06,252062749,27028294
Energy,2017,06,2017-06,192455436,66949530
Equity,2017,06,2017-06,1130016491,550009529
"Interest Rates",2017,06,2017-06,361911614,135497354
Metals,2017,06,2017-06,191969043,13591888
Other,2017,06,2017-06,63624135,27556948
Agriculture,2017,07,2017-07,122035783,18589022
Currencies,2017,07,2017-07,237055136,30639946
Energy,2017,07,2017-07,182572712,65138544
Equity,2017,07,2017-07,867711534,557783784
"Interest Rates",2017,07,2017-07,254151494,133388286
Metals,2017,07,2017-07,189516972,13384825
Other,2017,07,2017-07,73778725,25567554
Agriculture,2017,08,2017-08,118506215,17451516
Currencies,2017,08,2017-08,239007143,32333585
Energy,2017,08,2017-08,208847816,64278726
Equity,2017,08,2017-08,1052816152,592804301
"Interest Rates",2017,08,2017-08,306070001,145179152
Metals,2017,08,2017-08,221898181,13942303
Other,2017,08,2017-08,87142279,32170271
Agriculture,2017,09,2017-09,97184465,17066856
Currencies,2017,09,2017-09,286579572,31663041
Energy,2017,09,2017-09,186237717,64336696
Equity,2017,09,2017-09,1060532266,573201300
"Interest Rates",2017,09,2017-09,341232122,138344586
Metals,2017,09,2017-09,182990083,13239451
Other,2017,09,2017-09,79470068,36524282
